first_name,last_name,job_title,department,email,address,phone_number,salary,password
Gwendolyn,Anderson,Retail manager,Microbiologist,perryjillian@example.org,North Nicoleborough,+1-722-763-9212,34809,U8l1pxGM
Julie,Mitchell,Multimedia programmer,Claims inspector/assessor,crystal11@example.com,South Brandiside,+1-670-371-4332x363,82477,RgU2AKAM
Julie,Francis,Research scientist (maths),Chief Operating Officer,roberta69@example.com,Shepardhaven,+1-563-298-6165x931,9376,QpqdFW00
Tara,Yates,Midwife,"Teacher, music",fredmendez@example.net,Traceyville,001-859-987-3305x581,31631,yD0I0Ysl
Catherine,Lopez,"Engineer, civil (contracting)",Orthoptist,josephcook@example.org,East Leeside,(766)371-5290,12100,HFAbTkVO
Allen,Schultz,Legal executive,"Surveyor, land/geomatics",kblack@example.org,West Lisaport,+1-772-721-3951x9917,90365,87SNEqmB
Robert,Watson,Hospital pharmacist,Media buyer,hopkinsjessica@example.net,South Lacey,001-724-238-2460x471,38190,HcHWVaLP
Stephanie,Diaz,"Surveyor, hydrographic",Oceanographer,melissa15@example.net,Lake Anthony,745.641.6635x2109,34235,C8zrelf1
Jesus,Campbell,"Engineer, building services","Psychotherapist, child",kdavis@example.net,South Kaitlynbury,(534)291-7557x332,62979,51r942CR
Jeffrey,Cook,Acupuncturist,"Designer, blown glass/stained glass",sheltonjessica@example.net,Colleenfort,276.768.5021x0575,10504,XIIo2W4V
Nicole,Vaughn,Contracting civil engineer,Plant breeder/geneticist,michaeljohnson@example.com,Hollyville,+1-342-441-0476x4802,20299,c3I3Em1N
John,Wilson,Ship broker,Multimedia programmer,zshelton@example.net,Lake Veronica,436-937-3517x41749,23245,yzbhU3uG
Jeffery,Johnson,"Therapist, occupational",Colour technologist,evanfoster@example.com,Birdburgh,+1-611-531-7287x918,64406,mayquuL8
Autumn,Blackburn,"Radiographer, therapeutic",Press sub,gordon66@example.org,West Ginamouth,379.255.0501x42212,37231,mTg50LSx
Michelle,Wolf,Set designer,Heritage manager,nancyhart@example.net,Thomasville,451-547-1240x23178,22114,zHKfZfIu
Mike,Perry,Corporate investment banker,Warehouse manager,dianejenkins@example.net,East Samanthachester,4797280585,15473,S8MCrBlg
Michael,Evans,Armed forces technical officer,Health and safety inspector,josephmarshall@example.com,South Glenn,001-400-500-2446x353,32419,CdxqI0Bc
Gabriela,Herrera,Public librarian,Historic buildings inspector/conservation officer,sierra32@example.com,Moralesborough,420.278.5202x4894,1838,NBmpoDgd
Walter,Evans,"Exhibitions officer, museum/gallery",Newspaper journalist,james47@example.com,Basstown,(469)236-3154,90324,tHjejnIO
Jesus,Anderson,Psychotherapist,Hotel manager,evansmelissa@example.net,Lake Glenn,(427)703-5021x507,6931,v4kvRvaQ
Daniel,Johnson,"Engineer, drilling",Charity officer,meyerjacob@example.org,Lake Christopherchester,+1-600-615-7805x04125,96527,Ef8bYD2n
Jacob,Trujillo,Counselling psychologist,Health physicist,valerieking@example.org,Port James,459-971-7772x3250,12108,GR4Ln57M
Michael,Johnson,Therapeutic radiographer,Immigration officer,tyler29@example.net,Lake Morgan,311-747-1480x2276,44835,nAmJYKCh
Scott,Valdez,"Scientist, biomedical",Lawyer,greenemichele@example.org,Lake Cherylmouth,+1-242-439-2526x365,46073,tCUFG1GP
Brian,Simmons,Fitness centre manager,"Administrator, arts",ryanpeterson@example.net,Simsland,683-730-7728x5048,19222,2JYkBnzp
Steven,Browning,Product manager,Broadcast engineer,mroberts@example.net,Lake Samanthaton,894.915.6425,85548,LtIColEt
Kara,Hopkins,Local government officer,Accommodation manager,ccobb@example.net,North Samantha,462.208.9088,79989,XgQAuHkk
Jason,Valencia,Science writer,Clinical biochemist,ramirezmary@example.net,Elizabethshire,(942)950-6120x348,86839,TkSZ4Hme
Amanda,Wall,Agricultural engineer,"Journalist, magazine",whiteamanda@example.net,West Heatherstad,+1-630-605-3686x60166,40416,HKAtDOKv
Marisa,Peters,Animator,Biomedical engineer,fwyatt@example.com,West Kathleen,+1-995-238-3629x7054,20073,H7n6L9vA
Christine,Garner,Games developer,Bookseller,fwaters@example.org,Port Mariaport,319.980.6584x188,38284,Iz6CfPiE
Destiny,Edwards,Insurance broker,Chief Strategy Officer,bakerbrandi@example.com,North Timothy,636-626-1389,52134,R627NdAu
Sarah,Mora,Environmental education officer,Print production planner,fchavez@example.com,Perryberg,385-398-0892x9744,73251,v3YqqWtt
Ian,Patterson,Purchasing manager,Facilities manager,robinhubbard@example.org,Seanmouth,001-422-980-6262x89109,72953,KxJ6zTRM
John,Bentley,Psychiatrist,"Pharmacist, hospital",oolson@example.org,Vanessaborough,+1-303-900-3150x886,47889,MTUgEmGW
Phillip,Gentry,Careers information officer,Audiological scientist,vrusso@example.net,Kaylachester,+1-891-927-1181,14442,PGDxkfEj
Mary,Foster,Research scientist (life sciences),Outdoor activities/education manager,ctaylor@example.com,Amandaside,(648)360-6980x344,78368,VDsmUdbx
April,Jennings,"Research officer, trade union",Counsellor,ashleycaldwell@example.net,Lake Jessica,+1-688-599-7031x90238,38889,SUaJ3rVT
Anthony,Hernandez,Geophysical data processor,Manufacturing engineer,hoodsarah@example.net,Lake Stephen,753.449.3943,41122,oYMesFKb
Tammy,Bradley,Biomedical engineer,Electronics engineer,sylvia50@example.com,Port Collin,432.594.0204x560,74880,GlGOo0qU
Lindsey,Cohen,"Pharmacist, community",Industrial buyer,knappjohn@example.org,Andrewmouth,001-474-892-1924x2112,27088,7os7Ffsd
William,Duncan,Technical sales engineer,"Optician, dispensing",hfisher@example.org,Vincentside,579-214-3015,49273,u6m8sThi
Christopher,Nielsen,Information officer,Records manager,jcollins@example.net,Lopeztown,709-678-2213x56205,68309,jHPvXQnj
Scott,Fernandez,Sub,Mudlogger,victoria15@example.net,Lake Catherineport,3833794657,46173,dUtIAsI7
Kenneth,Page,Health and safety adviser,Osteopath,emerritt@example.net,Port Dustinstad,570-627-0210x3331,55326,EpSM4h4d
Eric,Pierce,Clinical molecular geneticist,Musician,sotojesus@example.net,North Kyleland,001-205-760-9717,97401,XuAjQSJk
Curtis,Velazquez,"Engineer, technical sales",Holiday representative,emily27@example.org,South Kimberly,320-419-0028,93744,CcF7JgCH
Thomas,Henson,Paediatric nurse,Newspaper journalist,nharrell@example.org,Garciabury,520.417.4237,48715,hXioSyE8
Betty,Marshall,IT trainer,"Editor, film/video",luceroamber@example.org,Port Brian,(400)405-2773,64802,kpveULB7
Sherry,Gonzalez,Animator,Psychiatric nurse,christopher53@example.org,Lesliestad,548.969.5294x478,24389,ATVSXgGw
Jamie,Trujillo,Advertising copywriter,Nutritional therapist,christinemassey@example.com,Bestborough,001-601-565-3164,45082,MtTXXCmO
Diana,Benjamin,"Production assistant, radio","Engineer, petroleum",gsmith@example.org,Hernandezfurt,980.323.5303x393,45073,cETpFJUN
Sarah,Ho,Patent attorney,Radiation protection practitioner,nicoleprice@example.net,Port Davidburgh,(436)834-1564,56696,9Y9cM98S
Julie,Gregory,"Engineer, automotive",Automotive engineer,fcampbell@example.net,West Sabrina,2135862407,10851,Rpwb3xHE
Alicia,Carson,Oceanographer,Public librarian,douglas61@example.org,New Richard,286.960.8752x444,56821,21p3BSfC
Laurie,Baker,"Engineer, civil (consulting)","Engineer, petroleum",matthewcruz@example.org,North Misty,646.976.7861x2378,88455,pq0blCib
Lauren,Cordova,Environmental education officer,Quarry manager,gomezstephanie@example.com,New Yesenia,559.954.7407x50381,54720,fVMzmf18
Steven,Shaw,Warehouse manager,Writer,bbryant@example.net,South Kim,629-211-5322,67882,WpGyEiQE
Theresa,Rose,Art gallery manager,Database administrator,matthewknight@example.com,Port Brittanyburgh,(237)713-5607,28088,66ZCt0x5
Logan,Nguyen,English as a foreign language teacher,"Scientist, research (medical)",alexisdunn@example.net,Geraldstad,2086072920,37899,xFmRrrl7
Bobby,Sullivan,Chief Strategy Officer,Geophysical data processor,rmacias@example.com,Lake Davidfort,001-438-610-3536x2209,50502,hMFfJlWB
Rebecca,Lowe,"Programmer, systems","Scientist, research (life sciences)",mossjessica@example.org,Reyesland,001-369-862-1271x45722,42567,cs0LjEPO
Jessica,Reed,Waste management officer,Oncologist,joanne45@example.org,North Kristin,521-271-3248,87514,Ls0Rgy93
Erica,Gutierrez,Land,Chief Financial Officer,schultzdennis@example.org,Dennishaven,660.843.0858x342,67024,8EScgTq6
James,Lambert,Mental health nurse,Chartered accountant,williamhester@example.com,Robinsonview,995-517-5355x0646,19584,vDvBr3aO
John,Collins,Secretary/administrator,Intelligence analyst,petersonmelissa@example.org,West Jacob,+1-898-722-4527x042,29670,ezBOaOhT
Lisa,Schwartz,"Physicist, medical",Armed forces logistics/support/administrative officer,ghopkins@example.net,North Kevinshire,+1-506-434-1791x42834,42090,gamOiiFF
Joshua,Rice,Financial controller,"Conservator, museum/gallery",crystalpatterson@example.com,Lake Ernestbury,(719)852-0792,77703,DcgYHmao
Charles,Jackson,Public house manager,Secretary/administrator,kaylawilliams@example.com,East Michael,(353)630-9617x55966,26889,6csM1BsB
Robert,Allen,Interpreter,Civil Service administrator,danieloconnor@example.org,Bensonmouth,897-519-0340x45290,66689,qhkuZlmg
Sandra,Villa,Fast food restaurant manager,Personnel officer,licarrie@example.org,Port Codyborough,(932)273-4406,60827,Q83vfuke
Samuel,Martin,Air cabin crew,"Psychotherapist, child",lallen@example.net,Johnstonland,+1-979-407-4520,56818,Rzk8BQgt
Lori,Ponce,Mudlogger,Magazine journalist,carpentervalerie@example.com,New Stephen,001-490-294-7795x227,20447,kAMTPoFM
Manuel,Peters,"Engineer, technical sales","Engineer, electronics",kingdeborah@example.com,New Kristin,3072390521,89763,mGPaXm11
Dennis,Turner,"Designer, ceramics/pottery","Scientist, audiological",ellenstewart@example.org,Howardfort,238.996.4317,4206,T69Mr4NJ
Robert,Allison,"Horticulturist, amenity",IT technical support officer,michael15@example.com,Sabrinabury,822-585-3498x355,645,M3TLLghs
Andrew,Harrison,Garment/textile technologist,Fish farm manager,mathew90@example.com,Rodrigueztown,4849238335,96051,RAIZXD2G
Teresa,Singleton,Medical technical officer,"Designer, jewellery",kimberly91@example.com,Chloeville,001-766-323-5313x58447,932,ssX22Qi0
Sara,James,Hydrographic surveyor,"Restaurant manager, fast food",smithlisa@example.org,Clarkside,778-674-1160x75730,50749,bNEm0833
Megan,Pearson,"Psychologist, occupational",Call centre manager,ryan53@example.net,New Christopher,001-867-381-5281x6072,68880,AoDwLhvn
Lisa,Stewart,Public librarian,Waste management officer,joycejohnson@example.org,Collinton,9857724257,24500,ZWUWW17K
John,Campos,Education administrator,"Programmer, multimedia",johnsonjoanna@example.org,Johnstonborough,+1-808-696-0037x8169,5852,5nMStx7A
Pamela,Gray,Administrator,"Buyer, retail",johnsonkatherine@example.com,Christinemouth,+1-271-825-7782x59719,99379,4jkVaOd3
Darius,Erickson,Music therapist,"Journalist, magazine",alicia46@example.org,North Teresaside,936.468.8516x02242,1906,D4NR5iD5
Kyle,Long,Production manager,Sub,jellis@example.org,Port Teresa,357.396.6150,66754,ayKTRuMS
Amy,Wilson,"Buyer, industrial",IT sales professional,nrojas@example.com,Valerieburgh,+1-440-527-6746,54319,TuxuBPuf
Michael,Smith,Diagnostic radiographer,Technical author,annettejoseph@example.net,New Sandyview,224-974-9005x50615,73078,rHIZERRd
Robert,Patel,"Runner, broadcasting/film/video",Illustrator,codyschmidt@example.com,New Amanda,646-498-7027,50425,EZ4bn9sP
Shannon,Fernandez,"Administrator, Civil Service",Clinical embryologist,shannon14@example.com,Hartville,001-951-827-5473,1233,neKzYXZ2
Shelly,Casey,Microbiologist,"Teacher, primary school",mark62@example.org,Kelleyview,665.386.4980x77417,42501,JGuNm9FL
Noah,Finley,Information officer,Freight forwarder,pam49@example.org,Lake Andrea,+1-449-423-3653x1811,79748,gczZ9Dnt
Daniel,Lawrence,"Pharmacist, hospital","Engineer, civil (contracting)",hansonmindy@example.net,Jeffside,483.954.8708,83630,EniI4NTg
Carlos,Reid,Commercial art gallery manager,Museum/gallery curator,rodrigueztina@example.org,North Kristyburgh,001-563-557-5868x315,59581,K2bgCuBJ
Heather,Hodges,Broadcast presenter,Call centre manager,bjohnson@example.org,East Hunter,(801)664-7132,66353,BQymiswS
Raymond,Rivera,Higher education lecturer,"Therapist, nutritional",bernardpeter@example.com,North Thomas,856.827.0550x1174,58560,hsGg6KuD
Todd,Garcia,"Engineer, mining","Surveyor, quantity",brad34@example.net,Roberttown,720-843-2288,85573,C5JmlPhu
Peter,Johnson,Community arts worker,"Programmer, multimedia",igraham@example.org,Lake Donaldside,628-995-5575,8064,K4xVwIIc
Jeremy,Jacobs,Medical technical officer,Animal nutritionist,jgamble@example.net,Port Nicoleburgh,633.723.0820x6924,37574,5vwcOiIV
Carly,Landry,Amenity horticulturist,"Sales professional, IT",samuelroberts@example.org,Haleyfort,9926229871,55728,aRLY062V
Daniel,Schultz,"Designer, ceramics/pottery","Psychologist, sport and exercise",charlenebaxter@example.org,New Mirandafort,7074880500,51114,Csda8u32
